date,portfolio_return,hit_rate,avg_top5_return,train_time,final_epoch,best_val_return,top5_factor_1,top5_factor_2,top5_factor_3,top5_factor_4,top5_factor_5,top5_return_1,top5_return_2,top5_return_3,top5_return_4,top5_return_5
2005-02-01,1.7418347215260723,0.4,1.7418346405029297,3.5916638374328613,54,1.849285140633583,RSI14_CS,3MTR_CS,Inflation_CS,Earnings Yield_CS,Trailing PE_CS,-1.641948645738158,-0.7032985402510836,3.885929166511364,3.58424581355412,3.58424581355412
2005-03-01,-2.522991356464347,0.0,-2.522991418838501,2.195240020751953,44,1.810636579990387,3MTR_TS,Currency Vol_CS,Inflation_CS,Earnings Yield_CS,Trailing PE_CS,1.042177375261766,-3.262805270244953,-3.384623550441831,-3.504852668448359,-3.504852668448359
2005-04-01,-0.3936849399814012,0.0,-0.3936849534511566,2.3875908851623535,50,1.6631000190973282,RSI14_CS,3MTR_TS,Inflation_CS,Earnings Yield_CS,Trailing PE_CS,1.878423862200035,1.975930671620354,-2.792450367163987,-1.515164433281704,-1.515164433281704
2005-05-01,1.6216191013928865,0.0,1.6216189861297607,2.365787982940674,48,1.6329688727855682,RSI14_TS,RSI14_CS,3MTR_TS,Earnings Yield_CS,Trailing PE_CS,1.595614727839376,1.003149556417228,1.556884875868582,1.976223173419623,1.976223173419623
2005-06-01,0.7195564535585511,0.0,0.719556450843811,1.6947550773620605,34,1.6297929883003235,3MTR_TS,Inflation_CS,3MTR_CS,Trailing PE_CS,Earnings Yield_CS,1.159848283665191,-0.001858057572664412,1.427943462012196,0.2418920006144288,0.7699565790736038
2005-07-01,-0.023490304157513586,0.0,-0.02349032834172249,2.6351873874664307,54,1.4765589535236359,360 Day Vol_CS,3MTR_TS,Inflation_CS,3MTR_CS,BEST EPS_CS,1.231631090488301,-0.559978576398077,0.190752888004983,-2.090057633070655,1.11020071018788
2005-08-01,0.39467203591866956,0.0,0.39467206597328186,2.090261936187744,42,1.5452768802642822,12-1MTR_CS,Shiller PE_CS,Best PE _CS,Best Cash Flow_CS,BEST EPS_CS,-1.427850602817864,0.2917856939469745,-1.030260093279483,-0.2119558822009676,4.351641063944688
2005-09-01,3.893638393023811,0.2,3.8936381340026855,2.282196283340454,46,1.5947345197200775,Earnings Yield_CS,20 Day Vol_CS,3MTR_TS,Currency Vol_CS,BEST EPS_CS,3.441876307126913,2.023286037137057,-1.656825027059722,4.757283252775787,10.90257139513902
2005-10-01,-2.589401668667384,0.0,-2.5894017219543457,2.266188859939575,46,1.641016647219658,Positive PE _TS,Best ROE_TS,Currency Vol_CS,120MA Signal_CS,BEST EPS_CS,-5.277473461591483,-5.277473461591483,-1.161317794751565,-1.853299451575263,0.6225558261728721
2005-11-01,2.586143849266142,0.2,2.586143970489502,2.8229761123657227,57,1.7251468002796173,20 Day Vol_CS,Currency Vol_CS,Best PBK_CS,Best Cash Flow_CS,BEST EPS_CS,5.114811704569224,2.54075359560587,-0.9841643636826727,2.884831088986027,3.374487220852262
2005-12-01,2.1822190361742186,0.2,2.1822190284729004,3.0800631046295166,61,1.5990552306175232,Shiller PE_CS,20 Day Vol_CS,Currency Vol_CS,Best Cash Flow_CS,BEST EPS_CS,3.05674580715117,2.206053804055207,0.6185924708538216,7.397428505278625,-2.367725406467731
2006-01-01,3.8231075882366476,0.4,3.8231074810028076,2.1821160316467285,44,1.6510117202997208,Best PBK_CS,Shiller PE_CS,BEST EPS_CS,120MA Signal_CS,Best Cash Flow_CS,-2.980847079173389,0.1204056017183264,8.583511891104237,5.1699022424425,8.222565285091562
2006-02-01,-2.0161687814586844,0.2,-2.0161685943603516,1.910207986831665,37,1.765296757221222,360 Day Vol_CS,BEST EPS_CS,Best ROE_CS,Positive PE _CS,Best Cash Flow_CS,0.5985389008427994,-0.2917492648123607,2.011017504228326,-6.199325523776094,-6.199325523776094
2006-03-01,-1.1549317338618483,0.2,-1.1549317836761475,1.771064043045044,35,1.686924934387207,Shiller PE_CS,120MA Signal_CS,Best ROE_CS,Best Cash Flow_CS,BEST EPS_CS,-3.824471382071679,-2.358161819344061,3.513385794612306,-1.233583726276757,-1.87182753622905
2006-04-01,0.8783413869532619,0.0,0.8783413767814636,1.6315672397613525,33,1.5650093257427216,Currency Vol_CS,Positive PE _CS,BEST EPS_CS,Best Cash Flow_CS,Best ROE_CS,1.944526944367143,0.2685871362707537,-0.2052263871060944,1.303285141086867,1.080534100147641
2006-05-01,-3.576557976853887,0.0,-3.5765578746795654,2.3892810344696045,48,1.6591086983680725,BEST EPS_CS,Inflation_CS,Trailing PE_CS,3MTR_TS,Earnings Yield_CS,-3.661711818254997,-4.238349463064016,-1.08973029149146,-7.386777340080962,-1.506220971378001
2006-06-01,0.3222483003668821,0.2,0.32224828004837036,2.4875073432922363,50,1.6171398013830185,3MTR_CS,3MTR_TS,Inflation_CS,Earnings Yield_CS,Trailing PE_CS,-0.2814373485692513,0.133462523364147,-1.644956063824021,1.516569249264267,1.887603141599269
2006-07-01,1.684741190711366,0.0,1.6847412586212158,2.009937286376953,40,1.5085888803005219,Currency Vol_CS,Best Cash Flow_CS,Trailing PE_CS,Earnings Yield_CS,BEST EPS_CS,3.058694283108616,-1.224640577007534,3.103735100588941,3.103735100588941,0.3821820462778656
2006-08-01,0.05613201267792116,0.2,0.05613198131322861,3.2287838459014893,65,1.6597775369882584,P2P_CS,Trailing PE_CS,Earnings Yield_CS,Earnings Yield_TS,1MTR_CS,0.6831621732948687,-1.20508320202161,-1.20508320202161,1.385258641231851,0.622405652906106
2006-09-01,-1.0957086142305272,0.0,-1.0957086086273193,2.120932102203369,43,1.401414304971695,Shiller PE_CS,Currency Vol_CS,Best ROE_CS,Best Cash Flow_CS,BEST EPS_CS,-0.5123955340856902,-2.729879790017407,1.160843268644764,-1.375209893870379,-2.021901121823924
2006-10-01,0.9088599375382589,0.2,0.9088600277900696,2.124577045440674,43,1.4488972276449203,3MTR_TS,3MTR_CS,Inflation_CS,Earnings Yield_CS,Trailing PE_CS,1.182513469433786,-0.08366508757321756,3.596143990997957,-0.07534634258361539,-0.07534634258361539
2006-11-01,-0.23545362216449353,0.0,-0.23545360565185547,1.9779927730560303,41,1.4047814309597015,Trailing PE_CS,Inflation_CS,Earnings Yield_CS,BEST EPS_CS,Best ROE_CS,1.627333138258576,-1.788038941869301,1.627333138258576,-3.350117072414271,0.7062216269439523
2006-12-01,0.9446270113837981,0.2,0.9446269869804382,1.919173240661621,39,1.2752254009246826,Inflation_CS,Best ROE_CS,Trailing PE_CS,Earnings Yield_CS,BEST EPS_CS,9.831393069607435,-1.353327227862682,-0.8895335050159346,-0.999832097195618,-1.865565182614209
2007-01-01,0.23159405484833578,0.2,0.23159389197826385,2.860858917236328,57,1.542319893836975,Debt to GDP_CS,Current Account_TS,Inflation_CS,GDP_CS,GDP_TS,-3.036318485669659,-1.309410091816981,9.60820237207772,-1.386920170475994,-2.717583349873407
2007-02-01,-0.9498125224861402,0.0,-0.9498125314712524,2.2014780044555664,45,1.2889035791158676,12-1MTR_TS,20 Day Vol_CS,GDP_TS,GDP_CS,Inflation_CS,-0.7201320400287503,-0.06457417713904698,-1.977153963769793,-1.506703029679737,-0.4804994018133733
2007-03-01,0.7768937671195462,0.0,0.7768937349319458,1.8960821628570557,38,1.2008664458990097,GDP_TS,Best ROE_CS,10Yr Bond_CS,20 Day Vol_CS,Inflation_CS,1.964336439685178,1.959146540051068,1.481882653362281,-0.2885399472332018,-1.232356850267594
2007-04-01,0.7052844879798398,0.2,0.7052844762802124,2.198904037475586,45,1.4506559371948242,360 Day Vol_CS,Trailing PE_CS,Currency Vol_CS,20 Day Vol_CS,Inflation_CS,3.124743141001302,1.739314956386658,2.336548073126452,-0.8209170296025775,-2.853266701012635
2007-05-01,1.7018247190759492,0.4,1.7018247842788696,1.2065410614013672,25,1.0375633612275124,Currency Vol_CS,BEST EPS_CS,Earnings Yield_CS,Trailing PE_CS,Inflation_CS,-1.590582563210538,2.983467290706023,1.591323510180767,1.591323510180767,3.933591847522727
2007-06-01,0.08896208195971234,0.0,0.08896207064390182,2.533579111099243,52,1.2415632456541061,20 Day Vol_CS,BEST EPS_CS,Trailing PE_CS,Earnings Yield_CS,Inflation_CS,3.185118153154967,0.452527676219824,0.05251816443300229,0.05251816443300229,-3.297871748442234
2007-07-01,4.988011154644651,0.6,4.988011360168457,3.901397943496704,79,1.4963791966438293,20 Day Vol_CS,Currency Vol_TS,GDP_TS,GDP_CS,Inflation_CS,5.504386132108799,7.044184028014948,2.503842029129095,7.015765068294784,2.871878515675629
2007-08-01,0.49273472297444504,0.2,0.49273473024368286,3.4652929306030273,71,1.5084131062030792,EV to EBITDA_CS,20 Day Vol_CS,REER_CS,GDP_CS,Currency Vol_TS,-3.151186454442156,-0.706053114235393,3.31241767870607,1.84904730523165,1.159448199612054
2007-09-01,5.171149697099763,0.6,5.171149730682373,3.3999669551849365,68,1.463127464056015,12-1MTR_CS,360 Day Vol_CS,20 Day Vol_CS,GDP_CS,Currency Vol_TS,5.282347928603495,4.847881221581948,2.697286937326989,7.835445361474747,5.192787036511634
2007-10-01,4.134156675535234,0.4,4.134156227111816,2.0042080879211426,41,1.5260726511478424,GDP_TS,REER_CS,Inflation_TS,Currency Vol_TS,GDP_CS,5.63851148478447,3.052813320396402,1.140384096169198,5.940831138902242,4.898243337423858
2007-11-01,-1.7668278410071694,0.0,-1.7668278217315674,1.8864681720733643,38,1.5206161886453629,120MA Signal_CS,Inflation_CS,GDP_TS,GDP_CS,Currency Vol_TS,-1.367710043925787,-1.524929073647494,-1.856002262865238,-2.266827648954147,-1.81867017564318
2007-12-01,-0.07041373964147324,0.2,-0.0704137533903122,2.049276828765869,41,1.4412370175123215,20 Day Vol_CS,GDP_TS,Inflation_CS,GDP_CS,Currency Vol_TS,-0.6373341858035821,-0.5254962208335072,-1.888892721465405,0.7597782637798511,1.939876166115277
2008-01-01,-2.4034543176156733,0.0,-2.403454303741455,3.0737972259521484,62,1.3988520801067352,20 Day Vol_CS,Currency Vol_TS,10Yr Bond_CS,GDP_CS,Inflation_CS,-2.745139004255942,-2.877013516470897,2.404871637894805,-5.313959942049065,-3.486030763197268
2008-02-01,0.8676510159077491,0.0,0.867651104927063,1.7964119911193848,37,1.321542739868164,20 Day Vol_CS,Inflation_CS,GDP_TS,Currency Vol_TS,GDP_CS,2.853488959624463,-2.243433503850248,3.40224635805945,2.439451110734044,-2.113497845028963
2008-03-01,-3.556494826938338,0.0,-3.5564944744110107,2.1056711673736572,42,1.4905679672956467,GDP_TS,Operating Margin_CS,Best ROE_CS,10Yr Bond_CS,Currency Vol_TS,-2.753296062602589,-0.3706072255005424,-4.603845712436667,-3.114241939200905,-6.940483194950986
2008-04-01,-0.2388331280083214,0.0,-0.23883303999900818,2.604448080062866,53,1.526548981666565,Best Cash Flow_TS,Advance Decline_TS,P2P_TS,P2P_CS,Operating Margin_CS,-1.043284920457094,5.054448278313941,-2.116406796066217,-2.201814036450851,-0.8871081653813853
2008-05-01,-0.02540729730479585,0.0,-0.02540724352002144,2.216195821762085,45,1.5452541932463646,20 Day Vol_TS,10Yr Bond_CS,Trailing PE_CS,120MA_TS,Currency Vol_TS,0.8858278969659681,1.445092592381158,-0.4893840021533868,1.106686316523446,-3.075259290241165
2008-06-01,-0.5484183933928908,0.0,-0.548418402671814,3.0021772384643555,60,1.4578730762004852,BEST EPS_CS,Debt to EV_TS,Operating Margin_CS,1MTR_TS,Best ROE_CS,1.507690195754484,-0.4926019557793621,-2.118298945450106,-1.253537034757567,-0.3853442267319027
2008-07-01,-1.438492338106056,0.0,-1.4384922981262207,1.4746789932250977,30,1.5155497342348099,Agriculture 12_TS,BEST EPS_CS,P2P_CS,Advance Decline_CS,Advance Decline_TS,-3.683087929507598,-0.00595633145749801,-5.093344720157619,-0.4074852693057214,1.997412559898157
2008-08-01,-0.9521976250834477,0.2,-0.9521976709365845,2.9186789989471436,59,1.4373662322759628,GDP_TS,Best ROE_CS,BEST EPS_CS,Currency Vol_TS,20 Day Vol_CS,-3.373574861918598,-3.028123127131407,-0.5521951418511396,4.041361787106485,-1.848456781622579
2008-09-01,0.8303889240178852,0.2,0.8303889036178589,2.3456838130950928,49,1.406831532716751,10Yr Bond 12_CS,Advance Decline_CS,Inflation_CS,Earnings Yield_CS,BEST EPS_CS,3.051277970606842,0.5863816095753427,0.4746007884972481,0.249871143838748,-0.2101868924287542
2008-10-01,1.6160732011277557,0.0,1.6160732507705688,2.2245850563049316,45,1.2326630800962448,3MTR_TS,1MTR_TS,Advance Decline_CS,10Yr Bond 12_CS,Advance Decline_TS,-0.7087014317183782,1.389294003522065,1.165479872103925,4.018111030022564,2.216182531708602
2008-11-01,1.2914670078426602,0.2,1.2914669513702393,2.910456895828247,59,1.5826488137245178,Shiller PE_TS,Advance Decline_TS,RSI14_CS,10Yr Bond 12_CS,REER_TS,-0.7384387317661834,1.964742804593746,0.5318292505771017,5.217343794126264,-0.518142078317628
2008-12-01,0.20319184552775854,0.0,0.20319190621376038,3.650301933288574,75,1.6791395843029022,RSI14_CS,10Yr Bond 12_TS,REER_CS,Inflation_TS,10Yr Bond 12_CS,-1.866755371203633,0.4662774279767107,3.044229934018171,-2.683726631939797,2.055933868787341
2009-01-01,-0.13378893243438358,0.0,-0.13378894329071045,2.418492078781128,50,1.5885533690452576,Advance Decline_CS,Debt to EV_TS,10Yr Bond 12_TS,Advance Decline_TS,10Yr Bond 12_CS,3.162140917833124,-1.081162833631566,-2.76285558883885,-0.01743393289785206,0.03036677536322613
2009-02-01,-0.11687234304481127,0.0,-0.11687233299016953,2.485751152038574,50,1.4656114280223846,1MTR_CS,Advance Decline_TS,Advance Decline_CS,1MTR_TS,10Yr Bond 12_CS,-3.015470237718421,1.571649388585596,-0.3077555305500537,-2.58563036167662,3.752845026135442
2009-03-01,1.3443661097112451,0.0,1.3443660736083984,3.069777727127075,62,1.665373057126999,Current Account_CS,Inflation_TS,Current Account_TS,10Yr Bond 12_CS,REER_CS,-1.542653061399675,1.362947647157343,-1.142590667690188,3.33533417161446,4.708792458874286
2009-04-01,0.06542923315728225,0.0,0.0654292106628418,2.81611704826355,57,1.7549315094947815,Operating Margin_TS,10Yr Bond_CS,1MTR_CS,REER_CS,Debt to GDP_CS,-0.0469693007872557,3.382644721519585,-2.024040492361023,-1.484913495330281,0.5004247327453859
2009-05-01,1.6477710705075008,0.0,1.647770881652832,3.2999119758605957,66,1.5079305768013,360 Day Vol_CS,Debt to GDP_CS,REER_CS,10Yr Bond_CS,10Yr Bond 12_CS,-3.556711266022271,-0.9773491562724168,4.138402084997727,4.492746515531207,4.141767174303257
2009-06-01,1.9818766267259533,0.2,1.9818766117095947,2.626677989959717,53,1.6199868321418762,Trailing EPS 36_CS,360 Day Vol_CS,EV to EBITDA_CS,GDP_CS,10Yr Bond_CS,2.096055252006595,2.438610578188195,2.846252839926743,2.354363548191657,0.1741009153165781
2009-07-01,1.7514489444391632,0.0,1.7514488697052002,3.571247100830078,72,1.7926413714885712,EV to EBITDA_CS,Trailing EPS 36_CS,10Yr Bond_CS,GDP_CS,10Yr Bond 12_CS,2.840708638416442,2.271803459697483,3.740811799201141,1.129216505179681,-1.225295680298931
2009-08-01,-1.0020620054201048,0.0,-1.0020620822906494,1.6332800388336182,34,1.4990366846323013,GDP_CS,EV to EBITDA_CS,Trailing EPS 36_CS,10Yr Bond_CS,360 Day Vol_CS,-2.455786247807243,2.681711297313321,-4.288084887596567,-0.9867225709715242,0.03857238196148978
2009-09-01,0.925412525239056,0.0,0.9254125356674194,2.489572763442993,49,1.65386863052845,Inflation_CS,Operating Margin_CS,REER_TS,Advance Decline_TS,10Yr Bond 12_CS,-1.144007007646821,2.351141503070619,0.5879361652976138,-0.1480659316689406,2.980057897142809
2009-10-01,1.6589479361225077,0.2,1.6589479446411133,4.38991904258728,87,1.6755822226405144,20 Day Vol_CS,GDP_CS,10Yr Bond_CS,360 Day Vol_CS,Inflation_CS,3.694760720301547,2.534804914905735,0.8982562003357875,-0.377469990824871,1.544387835894341
2009-11-01,0.6198054101520534,0.2,0.6198054552078247,1.999880075454712,40,1.5011620372533798,REER_CS,GDP_CS,Operating Margin_CS,10Yr Bond 12_CS,10Yr Bond_CS,-0.2837112145427787,-1.824847228328071,1.392611860870038,0.3533354233593654,3.461638209401713
2009-12-01,0.3647338920614315,0.0,0.36473387479782104,2.189288854598999,45,1.632895067334175,360 Day Vol_CS,GDP_CS,REER_CS,Inflation_CS,10Yr Bond_CS,2.932782109638231,-1.71365717379522,-0.9076869890125079,2.109600136052824,-0.5973686225761696
2010-01-01,0.7367710774216476,0.2,0.7367711067199707,3.298737049102783,68,1.7360494136810303,360 Day Vol_CS,Inflation_CS,GDP_TS,GDP_CS,10Yr Bond_CS,2.870075470090963,0.117856121831033,-0.08260998793251512,0.6631228290652512,0.1154109540535062
2010-02-01,-1.7972284445614606,0.0,-1.797228455543518,3.1117868423461914,65,1.3754701614379883,EV to EBITDA_CS,Inflation_CS,GDP_TS,10Yr Bond_CS,360 Day Vol_CS,-4.239162575401296,-0.335556728701829,-0.6990069534318547,-1.07119849519479,-2.641217470077533
2010-03-01,1.1111738603836134,0.4,1.1111738681793213,1.6822237968444824,33,1.4064638912677765,Inflation_CS,REER_CS,Trailing EPS 36_CS,360 Day Vol_CS,10Yr Bond_CS,1.693904463318531,-1.105424486957575,-1.11710628765118,2.970289523468491,3.1142060897398
2010-04-01,1.7508396997025595,0.2,1.7508395910263062,4.812700033187866,96,1.568554937839508,10Yr Bond_CS,20 Day Vol_CS,GDP_TS,GDP_CS,Inflation_CS,2.120668704093844,2.572320892342534,0.9298620477710656,1.327823249175942,1.803523605129411
2010-05-01,0.13498805604407726,0.0,0.13498803973197937,2.4848010540008545,49,1.7473663985729218,Debt to GDP_CS,10Yr Bond 12_CS,360 Day Vol_CS,Inflation_CS,10Yr Bond_CS,0.3312207727794669,-1.998662397241427,-0.5467820020129716,1.566713570139583,1.322450336555735
2010-06-01,2.0863014468700634,0.2,2.086301326751709,2.9728481769561768,61,1.5538748502731323,10Yr Bond_CS,360 Day Vol_CS,Operating Margin_CS,120MA Signal_TS,Bloom Country Risk_CS,1.365991065106013,0.6261674794889212,2.521838346988659,3.385285067939834,2.53222527482689
2010-07-01,0.9991228908937643,0.0,0.9991229176521301,1.6433520317077637,32,1.355769157409668,Bloom Country Risk_CS,Debt to GDP_CS,10Yr Bond_CS,Trailing EPS 36_CS,360 Day Vol_CS,2.232360063430704,1.333417122004757,-0.001997672780922055,-0.9859472397748772,2.417782181589159
2010-08-01,-1.1974812599174665,0.0,-1.197481393814087,1.9205248355865479,39,1.655164510011673,10Yr Bond 12_CS,Inflation_CS,20 Day Vol_CS,360 Day Vol_CS,10Yr Bond_CS,-3.874733652313246,0.7762393167426657,-4.521439911850107,0.5523011561593655,1.080226791673989
2010-09-01,1.3726541208407195,0.2,1.3726540803909302,2.4760022163391113,49,1.538342833518982,10Yr Bond 12_CS,Operating Margin_CS,Inflation_CS,Debt to GDP_CS,10Yr Bond_CS,1.91478704243413,-0.4016274600606815,0.05342625666661938,1.617567808703835,3.679116956459694
2010-10-01,-0.2758013541652799,0.0,-0.2758013606071472,3.06994366645813,61,1.5635652840137482,Currency Vol_TS,10Yr Bond_CS,10Yr Bond 12_CS,Operating Margin_CS,Inflation_CS,-0.3938817315127008,-0.9277142644546945,0.1979296804261996,-0.3094480288786811,0.05410757359347734
2010-11-01,-0.07382805592522008,0.0,-0.07382802665233612,3.711103916168213,71,1.4130069315433502,Debt to GDP_CS,10Yr Bond 12_CS,Operating Margin_CS,10Yr Bond_CS,Inflation_CS,1.559508035627875,1.996839490384639,-0.3442285508744897,-3.468671141403648,-0.1125881133604768
2010-12-01,-0.7574500641904092,0.0,-0.7574501037597656,2.4563441276550293,49,1.4422995150089264,Operating Margin_CS,Inflation_CS,Debt to GDP_CS,10Yr Bond 12_CS,10Yr Bond_CS,-2.226554538234308,-4.539749509815523,2.008347634280677,1.399835121480138,-0.4291290286630292
2011-01-01,-2.729610645701281,0.0,-2.7296106815338135,2.178270101547241,43,1.4273737221956253,Debt to GDP_CS,Advance Decline_TS,1MTR_TS,Operating Margin_CS,10Yr Bond 12_CS,-5.915865927119569,-0.09924567376538816,-4.103732301882698,-0.5998173658219798,-2.929391959916771
2011-02-01,0.9940539129592152,0.4,0.994053840637207,2.0893449783325195,42,1.4280181527137756,Best Div Yield_CS,Shiller PE_TS,RSI14_CS,Debt to EV_CS,EV to EBITDA_CS,-0.5081969287936485,2.588769290959884,0.1186094471114847,2.252085257862487,0.519002497655868
2011-03-01,-1.7825582249078287,0.0,-1.7825582027435303,2.534358024597168,50,1.322441577911377,Best PBK_CS,RSI14_CS,EV to EBITDA_CS,Shiller PE_TS,Debt to EV_CS,-2.273096902937503,2.178206218103587,-0.9214191639254389,-5.150911216180972,-2.745570059598817
2011-04-01,-0.38980350800737285,0.0,-0.3898034989833832,2.3670220375061035,47,1.2899701744318008,10Yr Bond_CS,Inflation_CS,Debt to GDP_CS,Operating Margin_CS,10Yr Bond 12_CS,-0.6390843389375074,-2.511703198211493,0.7953593454687227,-0.480781593680673,0.8871922453240866
2011-05-01,-1.2227911710072796,0.0,-1.222791314125061,2.9397706985473633,60,1.634330928325653,20 Day Vol_CS,360 Day Vol_CS,Debt to GDP_CS,10Yr Bond 12_CS,10Yr Bond_CS,-3.514989986121969,-2.86946810128719,1.658055116996012,-0.07033518408018358,-1.317217700543066
2011-06-01,0.9123991165050646,0.2,0.9123991131782532,2.688499927520752,53,1.56954625248909,Operating Margin_CS,10Yr Bond_CS,Trailing EPS 36_CS,Debt to GDP_CS,10Yr Bond 12_CS,2.688767819294084,1.827514286003455,-0.8746817412585906,0.3447406847123779,0.5756545337739959
2011-07-01,-0.24854080023381225,0.0,-0.24854080379009247,2.2029950618743896,44,1.4917356371879578,Operating Margin_CS,Advance Decline_TS,3MTR_TS,Advance Decline_CS,10Yr Bond 12_CS,1.54831561017191,-1.784798854010967,-1.549143181995754,-0.8872358293874755,1.430158254053225
2011-08-01,-0.13863823327426444,0.2,-0.1386382132768631,2.417391061782837,48,1.5368799567222595,1MTR_TS,Operating Margin_CS,EV to EBITDA_CS,Advance Decline_CS,10Yr Bond 12_CS,-1.980242389283975,2.641508022929943,-3.134018525583281,0.4994520852809561,1.280109640285035
2011-09-01,1.4354287603724156,0.2,1.4354288578033447,2.103442907333374,42,1.498656988143921,Advance Decline_CS,EV to EBITDA_CS,Currency Vol_TS,RSI14_TS,10Yr Bond 12_CS,6.017865448626463,0.3883078004720375,-1.280613218227304,3.483982131550118,-1.432398360559235
2011-10-01,0.46944763044114984,0.2,0.46944761276245117,2.533374071121216,51,1.5628897696733475,Operating Margin_CS,Debt to GDP_CS,1MTR_TS,10Yr Bond_CS,Trailing EPS 36_CS,-2.879718640722649,3.621732588451447,2.231356220808499,-2.197299191370963,1.571167175039416
2011-11-01,-0.10233874190368138,0.4,-0.10233871638774872,2.253514051437378,45,1.555470049381256,REER_TS,EV to EBITDA_CS,Advance Decline_CS,RSI14_CS,RSI14_TS,3.048344272025729,-1.14486564704502,2.790702600564061,-2.670418179205505,-2.535456755857673
2011-12-01,0.6259853356974124,0.2,0.625985324382782,2.6023170948028564,51,1.6495317965745926,Operating Margin_TS,Trailing EPS 36_CS,Debt to GDP_CS,10Yr Bond_CS,10Yr Bond 12_CS,1.187650359839234,2.600801059292575,1.63420622834821,-2.955399528086223,0.6626685590932662
2012-01-01,-0.11389225976813373,0.0,-0.11389227211475372,2.733541965484619,53,1.4885770827531815,Operating Margin_TS,Advance Decline_TS,BEST EPS_TS,120MA Signal_TS,Advance Decline_CS,-2.568788880585999,2.889899611325887,-0.1965137069127335,-1.083801017366916,0.3897426946990926
2012-02-01,-0.7853691253708022,0.0,-0.7853690981864929,2.458768129348755,50,1.3777453750371933,1MTR_CS,REER_TS,10Yr Bond 12_CS,Advance Decline_TS,Advance Decline_CS,0.04794596607833254,-0.1481361547698429,-0.9437314351167279,-1.031291221126493,-1.851632781919279
2012-03-01,1.05699171211548,0.4,1.0569918155670166,1.9352951049804688,38,1.4458051323890686,Operating Margin_CS,Trailing EPS 36_CS,10Yr Bond_CS,1MTR_CS,10Yr Bond 12_CS,0.7546581236179378,2.765233893893898,-1.486659992539456,0.4632419494328194,2.788484586172201
2012-04-01,-0.3241903426173299,0.0,-0.32419031858444214,2.2945611476898193,46,1.4484612047672272,GDP_TS,Trailing EPS 36_CS,1MTR_CS,Advance Decline_CS,Advance Decline_TS,-1.309034757989722,-0.3195591381162082,-1.340228530806963,1.341150502235585,0.006720211590658699
2012-05-01,-0.05752394007458674,0.2,-0.05752396583557129,2.6818759441375732,53,1.608383297920227,GDP_TS,Operating Margin_CS,10Yr Bond_CS,Debt to GDP_CS,Trailing EPS 36_CS,-1.701602170013902,3.00602155450813,-1.92923744690438,-1.1495377326007,1.486736094637918
2012-06-01,-1.4828671428229907,0.0,-1.4828670024871826,2.5547733306884766,50,1.430548444390297,Advance Decline_TS,BEST EPS_TS,P2P_TS,Budget Def_CS,Advance Decline_CS,-0.8528368697369538,-3.223078594127766,0.5948121017378529,-1.413863670344428,-2.519368681643658
2012-07-01,0.07904287646903105,0.0,0.07904289662837982,2.6341288089752197,51,1.444621741771698,Advance Decline_CS,Trailing EPS 36_CS,1MTR_TS,10Yr Bond 12_CS,Operating Margin_CS,1.040516596902057,-0.9058320144123317,-0.8834232011106634,0.2554738726713733,0.8884791282947202
2012-08-01,2.275873557964026,0.0,2.2758736610412598,2.7016289234161377,54,1.159895807504654,1MTR_TS,REER_TS,1MTR_CS,Advance Decline_TS,Advance Decline_CS,4.045105308588949,1.723200928324879,2.545314419711736,0.6208190692151262,2.44492806397944
2012-09-01,0.09382628976335465,0.0,0.09382627159357071,2.4031949043273926,49,1.3804318606853485,1MTR_TS,1MTR_CS,Operating Margin_TS,REER_TS,Advance Decline_CS,0.7903250679827105,0.7903250679827105,-2.099900373004743,-1.107066878019041,2.095448563875136
2012-10-01,0.4445284502841811,0.0,0.4445284307003021,2.6663122177124023,52,1.4282717108726501,1MTR_CS,Operating Margin_CS,10Yr Bond 12_CS,Advance Decline_TS,Advance Decline_CS,1.90270643919746,0.7094742280477095,1.242783684248226,-0.1577108940752303,-1.47461120599726
2012-11-01,1.1103556466495754,0.0,1.1103556156158447,1.955474853515625,40,1.3668025732040405,Earnings Yield_TS,Advance Decline_CS,1MTR_TS,EV to EBITDA_CS,1MTR_CS,1.048040190751367,1.191162025342293,0.3479410012122548,1.59599132557765,1.368643690364312
2012-12-01,1.946592784445881,0.4,1.9465926885604858,2.129692792892456,43,1.3452536761760712,360 Day Vol_CS,RSI14_TS,1MTR_TS,1MTR_CS,EV to EBITDA_CS,0.7169620423331844,2.599566518886758,2.601900670972743,2.601900670972743,1.212634019063977
2013-01-01,-1.4246772216694825,0.0,-1.4246771335601807,3.5859570503234863,70,1.609717607498169,Positive PE _TS,1MTR_CS,Advance Decline_CS,1MTR_TS,Advance Decline_TS,-1.920377006922219,0.3035261158269326,-1.60997343413005,-1.245047853292913,-2.651513929829164
2013-02-01,1.020298327275911,0.0,1.0202983617782593,1.977302074432373,39,1.3429609835147858,Advance Decline_CS,Operating Margin_CS,Operating Margin_TS,Trailing EPS 36_CS,120MA Signal_TS,-1.187548004001282,3.139310739520951,0.03825159146434096,0.01552862713592278,3.095948682259621
2013-03-01,-0.31623111118289354,0.0,-0.3162311017513275,2.7280008792877197,54,1.42386956512928,GDP_TS,Operating Margin_CS,Advance Decline_CS,Budget Def_CS,1MTR_CS,0.9977834280739171,1.426349188735309,-0.09484747257445975,-0.8463092527016581,-3.064131447447576
2013-04-01,-0.1853115887403928,0.0,-0.18531160056591034,2.3893041610717773,48,1.4418914020061493,Debt to GDP_CS,Operating Margin_CS,REER_TS,Budget Def_CS,GDP_TS,-1.801486246760659,-0.876608472793048,1.678824680818703,1.207208004808066,-1.134495909775026
2013-05-01,0.5021350602843728,0.0,0.5021350979804993,2.3024048805236816,46,1.2795421183109283,Best Cash Flow_TS,Best PBK_CS,RSI14_CS,Debt to EV_CS,Shiller PE_TS,1.757528001410518,2.681453308298119,-1.598638409298893,0.352127724858921,-0.6817953238468007
2013-06-01,1.1613145053096132,0.2,1.161314606666565,3.740769147872925,75,1.4871464669704437,120MA Signal_TS,Budget Def_CS,Advance Decline_CS,1MTR_CS,REER_TS,1.613536152725471,-1.391064853399494,2.148768074125341,0.4290128626880524,3.006320290408696
2013-07-01,1.0955196751358345,0.2,1.0955196619033813,1.9186089038848877,39,1.148703083395958,Best Div Yield_CS,Advance Decline_CS,1MTR_CS,Best PBK_TS,REER_TS,3.722797897049286,5.247619608705854,-1.376060525867092,-1.023872346570307,-1.092886257638569
2013-08-01,2.2290660445173316,0.0,2.2290661334991455,2.0222439765930176,41,1.3215800523757935,Current Account_TS,Best Cash Flow_CS,Best PBK_CS,360 Day Vol_TS,Best Div Yield_CS,2.22983627462308,2.396162188559043,2.523567129695315,1.738489951238238,2.257274678470981
2013-09-01,1.1788080301706956,0.2,1.1788079738616943,3.215610980987549,63,1.3687791228294373,Best Div Yield_CS,360 Day Vol_TS,EV to EBITDA_CS,Best Cash Flow_CS,Current Account_TS,1.159193955992396,2.412541325297128,0.5704187361069688,1.089575893743074,0.6623102397139105
2013-10-01,1.582915514669115,0.4,1.5829155445098877,2.3143060207366943,47,1.4167162775993347,Current Account_TS,360 Day Vol_TS,EV to EBITDA_CS,Best PBK_CS,Best Div Yield_CS,2.222747107677845,2.194037266925924,1.793520175023632,1.348891274893345,0.355381748824829
2013-11-01,0.0009392857495497786,0.2,0.00093927385751158,3.3681178092956543,68,1.4760264158248901,LT Growth_TS,Advance Decline_TS,REER_TS,P2P_TS,Advance Decline_CS,-3.475014343877614,-2.237048603352445,2.17651103535215,0.7959245853313177,2.74432375529434
2013-12-01,-0.7141118455148079,0.2,-0.7141119241714478,3.1700496673583984,63,1.3634059131145477,P2P_TS,1MTR_CS,1MTR_TS,Advance Decline_CS,REER_TS,-0.2734289303610911,-3.679050332248019,-3.679050332248019,2.024350503394702,2.036619863888388
2014-01-01,0.28691418051871526,0.2,0.2869141697883606,1.8904287815093994,38,1.3476115018129349,Best Cash Flow_CS,Shiller PE_CS,360 Day Vol_TS,Best Price Sales_CS,Best PBK_CS,3.677183701509166,-1.881049326854965,0.4768017966659522,-0.6112601031099292,-0.2271051656166478
2014-02-01,0.23385659678507964,0.2,0.23385658860206604,2.0155208110809326,40,1.2964515835046768,Best PBK_CS,Best Div Yield_CS,Best Cash Flow_CS,360 Day Vol_TS,Current Account_TS,-0.5549717682231232,1.579193379164129,-0.2558593627212801,-0.1196657158451069,0.5205864515507794
2014-03-01,-1.8767039050599865,0.0,-1.8767039775848389,2.682041883468628,53,1.3706399500370026,120MA Signal_TS,Operating Margin_TS,Operating Margin_CS,REER_TS,P2P_TS,-2.73497518281658,-2.735625631107783,-1.961411795911566,-0.1111555755702057,-1.840351339893797
2014-04-01,-0.4903779125343184,0.0,-0.4903779625892639,2.409825086593628,49,1.4323758482933044,12-1MTR_CS,Advance Decline_CS,Operating Margin_CS,REER_TS,P2P_TS,0.03934520435072853,0.1903968490872604,0.005249280779643685,-2.360054468913903,-0.3268264279753215
2014-05-01,1.036207036686663,0.0,1.0362070798873901,2.5249459743499756,49,1.3761312663555145,RSI14_CS,Operating Margin_CS,Bloom Country Risk_CS,Inflation_CS,360 Day Vol_CS,1.206011019736566,-0.4057374381943105,1.338302404773117,1.985295871442706,1.057163325675236
2014-06-01,-0.3663056480020236,0.0,-0.3663056492805481,2.628887176513672,53,1.439879596233368,360 Day Vol_CS,Bloom Country Risk_CS,Debt to GDP_TS,Currency 12_CS,Inflation_CS,0.070118115903035,-0.1153500329692249,-0.9179132993115537,-1.137775564786898,0.2693925411545239
2014-07-01,2.3377975518103407,0.0,2.3377976417541504,2.763490676879883,56,1.3717201054096222,Currency 12_CS,10Yr Bond_CS,RSI14_TS,RSI14_CS,Inflation_CS,0.2531104562046791,1.910715224848857,2.136884282644261,4.156677795460216,3.231599999893688
2014-08-01,0.24373374041331525,0.2,0.24373368918895721,1.8892359733581543,39,1.3329745531082153,Bloom Country Risk_CS,Trailing PE_CS,GDP_CS,RSI14_CS,Inflation_CS,1.453982996971125,-2.015799915082181,-1.206044986047737,0.6536922629764592,2.33283834324891
2014-09-01,-2.0868791558361446,0.0,-2.086879253387451,3.630904197692871,74,1.4205158650875092,Best PE _CS,RSI14_TS,Bloom Country Risk_CS,Inflation_CS,RSI14_CS,-4.914169154392678,0.8963149162457988,-4.103942823849623,-3.332163846696085,1.019565129511864
2014-10-01,2.488832891192016,0.2,2.488832950592041,1.5350728034973145,31,1.230771854519844,GDP_CS,Debt to GDP_TS,Bloom Country Risk_CS,RSI14_CS,Inflation_CS,3.54417058035069,0.6814252820785738,3.376679844981686,2.888149260558186,1.953739487990944
2014-11-01,0.6590889689456765,0.0,0.6590889692306519,2.3243870735168457,47,1.3458939790725708,Bloom Country Risk_TS,Bloom Country Risk_CS,10Yr Bond_TS,GDP_CS,RSI14_CS,1.069499694020292,-0.2911112836021876,1.943398322567992,1.950908500448902,-1.377250388706616
2014-12-01,0.6644281844385337,0.0,0.664428174495697,1.6773438453674316,33,1.310667723417282,Debt to GDP_TS,GDP_CS,Advance Decline_CS,RSI14_CS,Advance Decline_TS,-0.5754853802637648,2.055292810360369,1.818616985220202,-1.67590085286917,1.699617359745032
2015-01-01,1.4211669263922597,0.2,1.4211668968200684,1.9321022033691406,39,1.4321640133857727,Currency Vol_TS,10Yr Bond_TS,BEST EPS_TS,Best Cash Flow_TS,GDP_CS,1.105830694123156,2.263673254766073,2.049998278041267,-1.442268253187776,3.128600658218579
2015-02-01,-0.35592880789510906,0.0,-0.35592880845069885,2.1485300064086914,43,1.4822480976581573,12-1MTR_TS,120MA Signal_CS,REER_CS,GDP_CS,BEST EPS_TS,-2.113147247957952,0.8378029388970094,0.580421909014487,-1.296386534723727,0.2116648952946373
2015-03-01,0.6827380342034527,0.2,0.6827380657196045,1.6270170211791992,33,1.325211077928543,Currency Vol_TS,Advance Decline_TS,BEST EPS_TS,10Yr Bond_TS,GDP_CS,0.05495588114142573,0.5049874195477425,2.706206476028012,-0.1696440807364058,0.317184475036489
2015-04-01,-0.19292756499379937,0.0,-0.1929275542497635,2.828005790710449,57,1.4574336111545563,120MA Signal_CS,BEST EPS_TS,Best Price Sales_CS,Trailing PE_TS,Earnings Yield_TS,-4.046588796571148,-2.718933689087953,-0.6663108137267282,3.220729151063403,3.246466323353429
2015-05-01,-1.7633513409324515,0.0,-1.7633514404296875,2.3586978912353516,48,1.4511029720306396,Best PBK_CS,Positive PE _CS,Shiller PE_TS,Best PE _CS,Debt to EV_TS,-2.310066519529784,-1.741695828395678,-1.809590028921053,-1.741695828395678,-1.213708499420063
2015-06-01,0.014246387660576575,0.0,0.014246368780732155,3.3404579162597656,68,1.4372282326221466,Best ROE_TS,12-1MTR_CS,120MA Signal_CS,BEST EPS_TS,120MA Signal_TS,-0.1927851680387793,-1.026519750239571,0.9773227782298723,-0.558275170139163,0.8714892484905239
2015-07-01,2.039890126093977,0.2,2.0398900508880615,2.5027520656585693,49,1.3843656182289124,Trailing EPS 36_TS,REER_CS,BEST EPS_TS,120MA Signal_TS,Advance Decline_CS,0.7209244570249764,2.684706430810993,1.508453606427925,0.6573766334611816,4.627989502744807
2015-08-01,-1.5171096859496367,0.0,-1.5171096324920654,3.632549285888672,74,1.4526305496692657,Currency Vol_TS,Earnings Yield_TS,Positive PE _TS,10Yr Bond_TS,Trailing PE_TS,-4.127784709193977,-0.7654060931810494,0.7779612099617652,-3.17740070108591,-0.2929181362490124
2015-09-01,0.38657901852140836,0.0,0.3865789771080017,4.617047071456909,93,1.4369797557592392,120MA Signal_TS,Advance Decline_TS,REER_CS,Advance Decline_CS,120MA Signal_CS,0.483311562090568,-0.3102872041500261,0.3478701606320189,0.4350804818715789,0.9769200921629022
2015-10-01,1.4786994788296195,0.2,1.4786994457244873,3.358894109725952,65,1.2610017955303192,120MA_CS,REER_CS,REER_TS,Advance Decline_TS,Advance Decline_CS,-0.2028851866638148,2.461448146710136,0.5655083407207884,2.658930066584175,1.910496026796813
2015-11-01,1.5609925384853287,0.0,1.5609924793243408,2.1118509769439697,42,1.2916435897350311,REER_TS,BEST EPS_TS,Advance Decline_CS,REER_CS,Advance Decline_TS,1.693996225137171,1.629497538421666,1.994438704915651,2.073052902772101,0.4139773211800549
2015-12-01,0.27802264807698224,0.0,0.2780226767063141,2.9027769565582275,57,1.502536952495575,BEST EPS_TS,REER_TS,REER_CS,Advance Decline_TS,Advance Decline_CS,1.754882515056007,-0.440490573737904,-0.8685780607589191,0.9688924997592542,-0.0245931399335271
2016-01-01,0.31517148808111806,0.0,0.3151715099811554,2.2525479793548584,45,1.4772943556308746,Budget Def_CS,BEST EPS_TS,120MA Signal_CS,Advance Decline_TS,Advance Decline_CS,2.236589416530685,-1.530348398359158,-0.5758853159018196,2.554587203380455,-1.109085465244572
2016-02-01,1.9364824375887764,0.2,1.9364826679229736,3.3499600887298584,68,1.2339466214179993,RSI14_CS,Best Cash Flow_TS,Trailing PE_CS,Earnings Yield_CS,Best PBK_TS,4.083915786207594,1.266736604866068,1.589156147445164,1.589156147445164,1.153447501979891
2016-03-01,-0.5268143494136855,0.0,-0.526814341545105,2.550018072128296,50,1.3510070741176605,REER_TS,1MTR_CS,Advance Decline_CS,REER_CS,Advance Decline_TS,1.026287218136763,-2.462243448934265,-1.609566228833753,1.229167547964857,-0.8177168354020298
2016-04-01,0.3990494225443853,0.0,0.39904940128326416,2.529623031616211,50,1.4438676834106445,Currency 12_CS,RSI14_CS,10Yr Bond_TS,Best PE _CS,10Yr Bond_CS,2.225528783869978,2.403451480343396,-0.9003224556735314,-1.217104753385378,-0.5163059424325381
2016-05-01,-1.0043537007631913,0.2,-1.0043537616729736,2.2372167110443115,45,1.4208348244428635,Bloom Country Risk_CS,REER_CS,RSI14_TS,Best PE _CS,RSI14_CS,-1.879914743460532,4.444472205236756,-3.415530819814862,-2.260081192347165,-1.910713953430154
2016-06-01,0.2373573071173821,0.0,0.23735730350017548,2.6520960330963135,54,1.5920031070709229,3MTR_CS,120MA Signal_CS,Advance Decline_TS,Advance Decline_CS,REER_CS,1.564958888185166,-1.785555752625112,2.621566114116483,-2.133113883738769,0.9189311696491426
2016-07-01,-0.1869283196581784,0.0,-0.18692830204963684,2.704767942428589,54,1.572499930858612,120MA Signal_CS,BEST EPS_TS,Advance Decline_CS,Advance Decline_TS,REER_CS,0.9172737346479178,0.8286836713594515,-2.298464785481494,-2.221092772464102,1.838958553647335
2016-08-01,0.8960387166528756,0.2,0.8960387110710144,1.9096260070800781,37,1.2641820311546326,3MTR_CS,P2P_TS,REER_CS,Advance Decline_TS,Advance Decline_CS,0.238136080934218,-1.143578992017469,1.190703861050543,1.4161737105339,2.778758922763186
2016-09-01,0.15786417130617178,0.4,0.15786418318748474,1.9586739540100098,38,1.2715291678905487,120MA Signal_CS,3MTR_CS,Advance Decline_CS,Advance Decline_TS,REER_CS,-1.743017331004711,-1.941227648983119,1.524562790672752,2.136090763525798,0.8129122823201393
2016-10-01,-0.5444671963341831,0.0,-0.5444672107696533,2.2797622680664062,45,1.3445874750614166,Best ROE_TS,3MTR_CS,Advance Decline_CS,REER_CS,Advance Decline_TS,-1.040293040408639,0.9837139379057194,-0.5940330976754657,-0.4512758590098739,-1.620447922482656
2016-11-01,-1.1580687930447668,0.0,-1.1580688953399658,3.039283275604248,61,1.488609939813614,RSI14_CS,Shiller PE_CS,Bloom Country Risk_CS,Inflation_TS,Best Price Sales_TS,2.453537128743249,-3.609194400856894,-3.861180374889039,1.316864539432892,-2.090370857654042
2016-12-01,0.38421073344440515,0.0,0.3842107355594635,2.7234737873077393,52,1.5588759183883667,1MTR_TS,12-1MTR_TS,Trailing EPS 36_TS,Advance Decline_CS,Trailing EPS 36_CS,0.7959706954028419,-0.8223645748746834,1.532473957783751,0.7274051167147966,-0.31243152780468
2017-01-01,-0.26984580772918326,0.0,-0.26984578371047974,2.4981610774993896,49,1.5124468505382538,Best Cash Flow_CS,Advance Decline_TS,LT Growth_CS,REER_CS,Advance Decline_CS,-1.912180853442119,0.009242674188279787,0.3937728552792931,0.4425565766288241,-0.2826202913001945
2017-02-01,-0.19392638350432884,0.0,-0.1939263790845871,2.609563112258911,49,1.3742513954639435,Best Cash Flow_TS,Advance Decline_CS,RSI14_CS,Advance Decline_TS,REER_CS,-0.2205138272111939,-0.2641200600125491,0.4063196438669939,-0.7391269398000491,-0.152190734364846
2017-03-01,-0.4090937988275406,0.0,-0.40909379720687866,3.772554874420166,70,1.5672915875911713,Best Div Yield_CS,Earnings Yield_TS,1MTR_CS,Advance Decline_CS,1MTR_TS,1.966254064378779,0.1364653617216716,-0.6249259490703284,-2.037497869820041,-1.485764601347784
2017-04-01,0.16518276368448603,0.0,0.16518279910087585,1.9956190586090088,39,1.3083832263946533,1MTR_TS,Best Div Yield_CS,1MTR_CS,Best Cash Flow_CS,RSI14_CS,-1.589510487719625,-0.2182021063060834,-1.377900037810334,1.669178177502166,2.342348272756307
2017-05-01,0.30622386552313896,0.2,0.3062238395214081,2.508856773376465,49,1.405959114432335,Positive PE _CS,Best PBK_CS,Currency 12_CS,RSI14_CS,10Yr Bond_CS,0.3003268363110965,2.06704007630377,-0.6703716630174765,-0.1004777236542666,-0.06539819832742828
2017-06-01,0.9471366399346092,0.2,0.9471367001533508,2.136776924133301,41,1.3311743438243866,Best PE _CS,Positive PE _TS,Positive PE _CS,RSI14_CS,Best PBK_CS,0.3114691251692737,0.7298615345771038,0.2886749578757021,3.393174139634268,0.01250344241669858
2017-07-01,1.6976091386196899,0.2,1.6976089477539062,2.1917200088500977,44,1.308160662651062,Positive PE _CS,Best PE _CS,Best Price Sales_CS,EV to EBITDA_CS,Best PBK_CS,3.252633834081927,2.322785593559572,-0.2458341121892929,2.149483953086391,1.008976424559852
2017-08-01,0.6063660141831836,0.0,0.6063660383224487,2.848576068878174,55,1.473906621336937,Best Price Sales_TS,LT Growth_CS,RSI14_CS,EV to EBITDA_CS,Best PBK_CS,1.668377076736719,0.1133932701580444,0.399367808204568,1.42450549422834,-0.5738135784117536
2017-09-01,0.2771833189958094,0.2,0.27718329429626465,2.6907458305358887,53,1.290121704339981,Best PE _CS,Best PBK_CS,Positive PE _CS,REER_CS,RSI14_CS,-1.000810274226847,1.009669934059317,-1.351049006883775,1.759107744005872,0.9689981980244802
2017-10-01,-0.6761141440915195,0.0,-0.6761140823364258,2.136428117752075,42,1.3297449350357056,Best Cash Flow_CS,LT Growth_CS,Best PBK_CS,REER_CS,RSI14_CS,0.3534561784732382,-1.925138541158205,1.174709092478148,0.05137748010775323,-3.034974930358532
2017-11-01,-0.5037824738446965,0.0,-0.5037825107574463,3.6149587631225586,66,1.4301199913024902,EV to EBITDA_CS,Best Cash Flow_TS,Shiller PE_TS,Best PBK_CS,REER_CS,-2.555630250790256,-0.1621376638276517,-0.6349632720484132,-0.7908638715102165,1.624682688953055
2017-12-01,-1.4947383705172157,0.0,-1.4947383403778076,2.121715784072876,41,1.2428901195526123,Trailing EPS 36_TS,Advance Decline_CS,120MA Signal_TS,Best ROE_TS,REER_CS,-2.162164536356343,-0.3495704467587682,-1.581462007698075,-1.340910032191795,-2.039584829581097
2018-01-01,0.18283900153781518,0.0,0.1828390210866928,2.515510082244873,48,1.3087135404348373,EV to EBITDA_CS,Shiller PE_TS,Best PBK_CS,P2P_TS,REER_CS,2.146045847400206,1.046673960770043,0.6482025425018758,-0.5336129999400551,-2.393114343042994
2018-02-01,-0.7197578972312659,0.0,-0.7197578549385071,2.6759018898010254,51,1.277500793337822,Shiller PE_TS,EV to EBITDA_CS,Best PBK_CS,Best Price Sales_TS,RSI14_CS,-0.6234421842922542,-1.32945068404383,0.1391229364083896,-1.445002587181599,-0.3400169670470361
2018-03-01,-0.16880754301641437,0.0,-0.16880755126476288,2.3082659244537354,46,1.2273991405963898,Current Account_TS,3MTR_TS,Best Price Sales_TS,Advance Decline_TS,RSI14_CS,0.4699246301167848,0.46176318199934,-0.9206884725035901,-1.620787493364055,0.7657504386694483
2018-04-01,0.361777654550305,0.0,0.361777663230896,3.176084041595459,62,1.2404911071062088,Best PBK_CS,Advance Decline_TS,Current Account_TS,P2P_TS,REER_CS,0.4802595175054585,0.226286852510892,0.2351618975750587,0.657126275661917,0.2100537294981987
2018-05-01,1.5225443839964448,0.2,1.522544503211975,2.5843870639801025,51,1.2776238024234772,Current Account_TS,P2P_TS,REER_CS,Advance Decline_CS,Trailing EPS 36_TS,0.7314153615198438,-1.627813178664548,4.887861658574827,1.750851195776959,1.870406882775142
2018-06-01,0.4606446290017998,0.0,0.4606446325778961,2.1557719707489014,43,1.1361007988452911,120MA Signal_CS,Trailing EPS 36_TS,Advance Decline_CS,REER_CS,BEST EPS_TS,-0.08838118332152936,0.134225180157227,0.9557704685721422,1.005986564301904,0.2956221152992555
2018-07-01,-1.407945770031599,0.0,-1.4079458713531494,3.9065070152282715,74,1.258417546749115,BEST EPS_TS,120MA Signal_CS,Advance Decline_TS,Advance Decline_CS,REER_CS,-1.951300727126907,-1.870665364649354,-1.948275433099562,-2.253700850500339,0.9842135252181673
2018-08-01,2.8788288253417194,0.4,2.878828763961792,1.448065996170044,29,1.1103715896606445,Current Account_TS,Advance Decline_CS,BEST EPS_TS,120MA Signal_TS,REER_CS,2.373203096354639,0.704393245668437,4.660183042758129,4.550919678573968,2.105445063353423
2018-09-01,-0.5535504377060407,0.0,-0.5535504221916199,1.7627229690551758,34,1.1786469221115112,REER_CS,120MA Signal_CS,BEST EPS_TS,120MA Signal_TS,120MA_TS,1.396364157401421,-1.602969853153189,-0.2860500814786124,-0.9082469134539523,-1.366849497845871
2018-10-01,-1.8312995506035883,0.0,-1.8312994241714478,2.3249988555908203,44,1.3683225214481354,Trailing EPS 36_TS,BEST EPS_TS,Best Cash Flow_TS,Currency Vol_TS,REER_CS,-1.833975065262954,-2.660772608838263,-3.891199353473254,-2.734128334486739,1.963577609043269
2018-11-01,3.1653921987109914,0.0,3.1653921604156494,3.356511116027832,66,1.4196678847074509,Best PE _CS,Currency 12_CS,Positive PE _CS,RSI14_CS,Best Price Sales_TS,3.064797993119287,3.383268689015483,4.068897181099167,3.629288805886,1.680708324435021
2018-12-01,1.6761976630911661,0.2,1.6761976480484009,3.264423131942749,62,1.4753439873456955,RSI14_TS,Currency 12_TS,Bloom Country Risk_CS,Currency 12_CS,RSI14_CS,2.525570631890472,-0.1620250564729385,2.515455844359975,2.290738747458085,1.211248148220238
2019-01-01,0.24924175472694587,0.0,0.24924178421497345,2.649869203567505,53,1.559635654091835,12-1MTR_TS,Currency Vol_TS,Inflation_TS,120MA_TS,REER_CS,2.082885649881181,1.046635092476432,0.4904592322076115,-1.10750830233733,-1.266262898593165
2019-02-01,-0.6949448369738837,0.0,-0.6949447393417358,2.8064517974853516,57,1.6046598553657532,RSI14_TS,Bloom Country Risk_CS,Currency 12_TS,RSI14_CS,Currency 12_CS,0.6292170170545012,-2.661782131979812,1.666625638240113,0.5795950526721647,-3.688379760856385
2019-03-01,0.9561876259593358,0.2,0.9561876058578491,1.626823902130127,32,1.3595584034919739,Trailing EPS 36_TS,120MA Signal_TS,Advance Decline_CS,BEST EPS_TS,REER_CS,-0.4099664092002752,0.9560648591240098,0.3622803574601031,0.7255545753557866,3.147004747057055
2019-04-01,-0.7638482415657132,0.0,-0.7638482451438904,2.5700008869171143,49,1.5957127809524536,360 Day Vol_CS,Positive PE _CS,Bloom Country Risk_CS,RSI14_CS,Currency 12_TS,-1.060075066084954,-0.9429439673900893,-0.7270672971015631,-0.374895875782098,-0.7142590014698614
2019-05-01,0.025767416024642664,0.2,0.025767385959625244,3.9372611045837402,78,1.573726773262024,Positive PE _CS,Currency 12_CS,Best Price Sales_TS,Bloom Country Risk_CS,RSI14_CS,-1.711791630723553,0.685036831391217,-1.709643549345167,2.782389707497078,0.08284572130363849
2019-06-01,0.5316217648407427,0.0,0.5316217541694641,2.963524103164673,56,1.5497649163007736,RSI14_TS,360 Day Vol_CS,Currency 12_CS,RSI14_CS,Bloom Country Risk_CS,0.339694375006238,0.7167285962277441,1.665876408575302,0.9606797770594915,-1.024870332665062
2019-07-01,0.6277756205571,0.2,0.6277756094932556,2.2877678871154785,44,1.5076681971549988,Bloom Country Risk_CS,RSI14_TS,Currency 12_CS,REER_CS,RSI14_CS,3.110637068609555,-0.2836015721384653,0.07791700479071687,0.7690547665451035,-0.5351291650214101
2019-08-01,-2.231586446437038,0.0,-2.231586456298828,2.306918144226074,45,1.37455914914608,Shiller PE_CS,Bloom Country Risk_CS,RSI14_CS,Currency 12_CS,Currency Vol_CS,-1.808126600701035,-1.816019329485914,-1.170047315948601,-3.53982717930889,-2.823911806740752
2019-09-01,1.7159485783154877,0.0,1.715948462486267,2.3020291328430176,44,1.3190590292215347,RSI14_TS,Currency 12_CS,Best Price Sales_TS,Bloom Country Risk_CS,RSI14_CS,2.157120819677147,1.202011236689211,1.8673331394112,0.5004485668503675,2.852829128949513
2019-10-01,1.1863686443326413,0.4,1.186368703842163,2.999363899230957,59,1.5102921426296234,120MA Signal_TS,BEST EPS_TS,Best ROE_TS,Advance Decline_CS,REER_CS,0.6970980305697757,1.063375790421943,1.749661961377814,0.1234740081343277,2.298233431159346
2019-11-01,1.6125550804750186,0.4,1.612554907798767,2.4006597995758057,49,1.4037321507930756,P2P_TS,Advance Decline_CS,120MA Signal_TS,120MA_TS,REER_CS,0.8307182441365527,2.800093189622958,1.536566441202844,2.51280932410243,0.3825882033103077
2019-12-01,-0.5250606626109933,0.0,-0.5250606536865234,2.7823150157928467,54,1.3935976326465607,120MA Signal_TS,P2P_TS,Best ROE_TS,Advance Decline_CS,REER_CS,-0.7305562715432548,-0.9078881112001024,-0.9728856542882726,0.14687077665387,-0.1608440526772066
2020-01-01,1.401652952392341,0.2,1.4016530513763428,2.520495653152466,47,1.3609709590673447,120MA_TS,P2P_TS,Advance Decline_CS,Best ROE_TS,REER_CS,1.728472424580022,1.611769546163104,0.5649513676247889,2.727113813176357,0.3759576104174316
2020-02-01,1.471516330681308,0.2,1.4715163707733154,2.3850979804992676,46,1.329270839691162,Best ROE_TS,BEST EPS_TS,120MA Signal_TS,120MA_TS,REER_CS,1.297162363387666,2.137964351901056,1.10934082439071,2.627688304440861,0.1854258092862465
2020-03-01,4.451782889405378,0.2,4.451782703399658,1.8243749141693115,35,1.4077087938785553,120MA Signal_CS,Advance Decline_CS,BEST EPS_TS,REER_CS,120MA_TS,5.076376795111062,6.370988525757608,3.491666163713147,2.417845278902295,4.902037683542783
2020-04-01,1.2487862363854902,0.0,1.248786211013794,3.136136054992676,63,1.465118519961834,12-1MTR_CS,120MA Signal_CS,Best ROE_TS,120MA Signal_TS,Advance Decline_CS,2.089018585226822,-0.2352066774017378,2.692740126095568,1.25850051714947,0.4388786308573284
2020-05-01,1.4596309900289899,0.0,1.4596309661865234,3.179636001586914,61,1.372811459004879,RSI14_TS,1MTR_TS,Currency 12_CS,Bloom Country Risk_CS,RSI14_CS,2.429380836314236,2.185870895266293,0.7840272665241059,0.571788162467151,1.327087789573163
2020-06-01,-0.6161216686707831,0.0,-0.6161216497421265,2.873790979385376,53,1.4189832210540771,Advance Decline_TS,Best ROE_CS,Advance Decline_CS,GDP_TS,Best ROE_TS,0.5665331657613993,-0.8847342914182224,-0.9347958769169107,-0.6913694260440695,-1.136241914736112
2020-07-01,-0.26692209920998006,0.2,-0.26692208647727966,3.054563045501709,59,1.5544057786464691,Bloom Country Risk_CS,360 Day Vol_TS,1MTR_CS,360 Day Vol_CS,RSI14_TS,0.5385843685763975,2.787562311439157,-3.087085559108701,-0.6398287742967641,-0.9338428426599897
2020-08-01,0.5125976237202022,0.2,0.5125976800918579,3.3992538452148438,66,1.444905012845993,Best ROE_CS,12-1MTR_CS,Best ROE_TS,360 Day Vol_TS,RSI14_TS,1.651969964288129,1.51878615226475,2.615725504161128,-1.698381324793456,-1.52511217731954
2020-09-01,1.1694007759543363,0.0,1.1694008111953735,2.430767774581909,48,1.2939917594194412,120MA Signal_TS,Advance Decline_CS,120MA_TS,12-1MTR_CS,Best ROE_TS,1.085045961991298,-0.002135908165444567,1.167263666169337,1.472987065954021,2.123843093822471
2020-10-01,0.881987401324859,0.0,0.881987452507019,2.2763822078704834,44,1.3687084913253784,12-1MTR_CS,120MA Signal_TS,120MA_TS,Advance Decline_CS,Best ROE_TS,2.045523437432719,-0.02121318150571753,0.5966261825121555,0.918982880769804,0.8700176874153337
2020-11-01,0.8815043035787564,0.2,0.881504237651825,3.604327917098999,70,1.4696502089500427,Best Div Yield_TS,10Yr Bond_CS,RSI14_TS,EV to EBITDA_TS,GDP_CS,3.262225419078058,-4.279000385839468,8.76605087744754,4.562827437947467,-7.904581830739815
2020-12-01,-0.19314015287336525,0.0,-0.1931401789188385,1.908491849899292,37,1.5470230728387833,Advance Decline_CS,120MA Signal_CS,12-1MTR_CS,Best ROE_TS,120MA_TS,-1.923782416883011,-0.5351432307300091,1.138917251995873,-0.09319360069193344,0.4475012319422544
2021-01-01,0.9306968730766705,0.0,0.9306967854499817,2.788015127182007,54,1.7004016637802124,120MA_TS,360 Day Vol_TS,Advance Decline_CS,REER_CS,Best ROE_TS,2.43956501619438,-0.1499560863981288,0.3299733667829778,1.179209444308234,0.8546926244958897
2021-02-01,0.11950389673875202,0.0,0.11950387060642242,3.6941628456115723,71,1.7083981931209564,120MA Signal_CS,120MA_TS,120MA Signal_TS,Best ROE_TS,12-1MTR_CS,0.7142736558594696,0.7142736558594696,1.000754011276295,-0.02513919530487858,-1.806642643996595
2021-03-01,-0.28750281237028835,0.0,-0.28750282526016235,2.390164375305176,45,1.4763567596673965,RSI14_TS,12-1MTR_CS,120MA_TS,12-1MTR_TS,Best ROE_TS,-2.6737481675778,-0.2397635784667823,0.3097939630477846,-0.2397635784667819,1.405967299612138
2021-04-01,0.7241256765876345,0.2,0.7241257429122925,1.4388318061828613,29,1.2500956654548645,REER_CS,120MA Signal_TS,360 Day Vol_TS,12-1MTR_CS,Best ROE_TS,0.4057607682458681,0.9470681572371399,-0.7214089020833554,-0.2689801298356154,3.258188489374135
2021-05-01,-0.011062965444843798,0.2,-0.011062955483794212,3.876264810562134,77,1.6900224685668945,Currency 12_TS,EV to EBITDA_TS,EV to EBITDA_CS,RSI14_CS,RSI14_TS,0.7288273505454363,-0.7196776904384188,2.508979926746926,-0.1250206339410972,-2.448423780137065
2021-06-01,2.6810999160224176,0.8,2.6810998916625977,2.6964643001556396,53,1.3765326887369156,12-1MTR_TS,120MA Signal_CS,120MA Signal_TS,120MA_TS,Best ROE_TS,0.6056687293708122,2.760682004446231,3.283959279456966,2.760682004446231,3.994507562391848
2021-07-01,1.4629558527958326,0.0,1.4629558324813843,4.090451955795288,77,1.602540284395218,12-1MTR_TS,REER_CS,120MA_TS,120MA Signal_TS,Best ROE_TS,2.103044959735389,1.594678652812133,1.612806945571985,0.7576014676731776,1.246647238186479
2021-08-01,0.35319217791712954,0.0,0.35319215059280396,2.847517967224121,56,1.6242615729570389,REER_CS,BEST EPS_TS,120MA Signal_CS,120MA_TS,Best ROE_TS,2.197022553276311,-0.4399117442417566,0.6159929837816811,0.531799343685839,-1.138942246916427
2021-09-01,-0.97850376805655,0.0,-0.9785037040710449,3.6565029621124268,70,1.563445046544075,EV to EBITDA_CS,Currency 12_CS,360 Day Vol_CS,RSI14_CS,Bloom Country Risk_CS,-2.40812822677124,-0.261342595260293,-0.7082619828630322,-0.8193122606010801,-0.6954737747871045
2021-10-01,0.058148579417940605,0.0,0.0581485740840435,2.0335628986358643,38,1.4013062715530396,120MA_TS,360 Day Vol_TS,Bloom Country Risk_TS,12-1MTR_TS,Best ROE_TS,0.9830733267320871,-1.027991713272814,-0.1979773051484643,1.250568551265341,-0.7169299624864469
2021-11-01,-0.3665039759992525,0.2,-0.3665039539337158,2.5329701900482178,47,1.3789761066436768,1MTR_TS,360 Day Vol_CS,Currency 12_TS,Debt to EV_CS,RSI14_TS,3.080341935678653,-2.652462876950899,0.784732539193151,-2.999576313619189,-0.0455551642979786
2021-12-01,-0.5664191495977324,0.0,-0.5664191246032715,2.7270426750183105,50,1.4270265102386475,BEST EPS_TS,Inflation_TS,1MTR_TS,120MA Signal_TS,120MA_TS,0.5394431565506209,-2.401809893853662,0.7459035991908343,-0.9865974551564491,-0.729035154720006
2022-01-01,2.7417332908066987,0.0,2.7417333126068115,2.6181299686431885,51,1.4474783092737198,1MTR_CS,3MTR_CS,Trailing EPS 36_TS,1MTR_TS,Current Account_TS,3.935736547367267,5.443597624628874,2.454480706013351,3.935736547367267,-2.060884971343265
2022-02-01,0.32634236783517745,0.0,0.32634237408638,1.4450738430023193,27,1.3337067067623138,Earnings Yield_CS,EV to EBITDA_TS,3MTR_CS,RSI14_CS,RSI14_TS,-0.6332646385193852,1.403133556365402,0.01262320751207182,0.9567205029273268,-0.1075007891095284
2022-03-01,0.10946687785844275,0.2,0.1094667911529541,4.012915849685669,78,1.4780987203121185,Earnings Yield_CS,RSI14_TS,RSI14_CS,3MTR_CS,EV to EBITDA_TS,2.520938482880763,-2.384150774549737,-2.838721838398265,-3.176748148502183,6.426016667861635
2022-04-01,-1.576522077581013,0.0,-1.5765221118927002,3.119050979614258,61,1.6096854358911514,EV to EBITDA_CS,Best Price Sales_TS,EV to EBITDA_TS,Best Div Yield_TS,Currency Vol_CS,-1.132761259501271,-2.219611006660084,0.3101764867784185,-1.323618499788436,-3.516796108733691
2022-05-01,2.1045851799657873,0.2,2.1045851707458496,3.1779239177703857,62,1.611397385597229,Currency Vol_CS,RSI14_TS,RSI14_CS,EV to EBITDA_TS,Best Price Sales_TS,4.388695733225269,0.3325504704657783,1.170148057447165,0.7131855617575854,3.918346076933138
2022-06-01,-2.9783384820438163,0.0,-2.9783382415771484,2.4015450477600098,46,1.5540997684001923,Best Price Sales_TS,Best PE _TS,EV to EBITDA_TS,Best Div Yield_TS,Currency Vol_CS,-0.8430249158727643,-4.322232859227398,-1.248050629686931,-3.487657347448248,-4.990726657983741
2022-07-01,0.45851067060508993,0.0,0.45851069688796997,2.018212080001831,40,1.6302963495254517,3MTR_CS,EV to EBITDA_TS,Best Div Yield_TS,RSI14_CS,RSI14_TS,1.501036171718169,-1.209226191434155,-0.4007651615638225,1.328875887339467,1.072632646965791
2022-08-01,2.457099577367102,0.2,2.457099676132202,1.973341941833496,37,1.3611041158437729,1MTR_TS,EV to EBITDA_TS,Currency 12_TS,RSI14_CS,3MTR_CS,2.156542596770077,2.778814020573655,2.797960916728488,-1.228631974077576,5.780812326840867
2022-09-01,0.6404505205200155,0.2,0.6404505968093872,2.285788059234619,44,1.5728100836277008,Best Div Yield_TS,Best ROE_CS,Currency 12_TS,12-1MTR_TS,Best ROE_TS,2.052189237642901,0.181861112641532,-1.116432007594201,2.7907681203198,-0.7061338604099548
2022-10-01,2.5331386161272946,0.0,2.5331387519836426,2.7896971702575684,54,1.6369810104370117,10Yr Bond_CS,Bloom Country Risk_CS,Best ROE_TS,Operating Margin_CS,Best Div Yield_TS,3.902838422520826,0.8314647501992782,3.752255177449274,1.348742716504964,2.83039201396213
2022-11-01,1.0407524782817217,0.0,1.0407525300979614,3.661618947982788,70,1.8059696555137634,Inflation_CS,Best PE _CS,Best Div Yield_CS,BEST EPS_CS,EV to EBITDA_TS,1.556432210462599,0.1422310768754015,0.9076288850301789,-3.516441317099303,6.113911536139732
2022-12-01,0.9850273027174442,0.0,0.9850273132324219,2.2439191341400146,42,1.944142460823059,3MTR_CS,3MTR_TS,10Yr Bond 12_CS,RSI14_CS,RSI14_TS,-1.781163132101503,0.5220819188697537,2.870318355758489,3.006655285480242,0.3072440855802387
2023-01-01,0.4342821236014872,0.4,0.434282124042511,1.5612590312957764,31,1.7537609785795212,Shiller PE_CS,Advance Decline_TS,EV to EBITDA_TS,360 Day Vol_CS,RSI14_CS,0.7795204130274389,2.704508481524735,-3.806973308779889,-1.471938518408376,3.966293550643527
2023-02-01,-2.770869824184478,0.0,-2.770869731903076,2.134949207305908,39,1.8072273135185242,10Yr Bond 12_CS,RSI14_TS,Bloom Country Risk_TS,Advance Decline_TS,RSI14_CS,-1.172861767021143,-2.086636659367168,-2.273237664793104,-3.858787124233393,-4.462825905507583
2023-03-01,-0.07447659734866244,0.0,-0.07447657734155655,2.0992109775543213,41,1.7878268957138062,Bloom Country Risk_TS,Currency 12_TS,Best ROE_TS,120MA_TS,360 Day Vol_TS,0.04675882898504818,1.076686139844863,-3.115507424239615,0.4828942208698766,1.136785247796515
2023-04-01,-1.0157654076882707,0.0,-1.0157654285430908,3.585200071334839,67,2.046694755554199,Bloom Country Risk_TS,Budget Def_CS,120MA Signal_TS,120MA_TS,120MA Signal_CS,-2.634307951257785,0.4172135401891318,-0.02306327225474122,-2.233502877255949,-0.6051664778620096
2023-05-01,-0.1470338116194144,0.0,-0.14703384041786194,2.4986250400543213,48,1.9382827877998352,Budget Def_CS,120MA_CS,Current Account_TS,120MA Signal_TS,Inflation_TS,0.2218611738992193,0.6989310545590082,0.4444712837574742,1.458234584056633,-3.558667154369407
2023-06-01,-0.3855537560137274,0.0,-0.3855537474155426,2.7596399784088135,53,1.8036389350891113,120MA_CS,360 Day Vol_TS,120MA Signal_CS,120MA Signal_TS,120MA_TS,-2.017276023993818,2.118065721116515,-0.5977221175354409,-0.7154181798279466,-0.7154181798279466
2023-07-01,0.4737989868479655,0.0,0.4737989902496338,2.360197067260742,46,1.7501311004161835,Best Cash Flow_CS,Current Account_TS,Best Div Yield_CS,Inflation_TS,360 Day Vol_TS,2.517002845631301,-2.140255720723686,2.603142480956862,-0.9653423360416212,0.3544476644169715
2023-08-01,-0.07207253257609073,0.0,-0.07207252830266953,2.5882909297943115,50,2.0203007757663727,Best PE _CS,EV to EBITDA_CS,Best Div Yield_CS,Positive PE _CS,Earnings Yield_TS,0.2214151832572224,0.307961215077835,-1.135199796725601,0.2214151832572224,0.02404555225286736
2023-09-01,0.28412950074006743,0.0,0.2841295003890991,3.3605191707611084,63,2.019436240196228,10Yr Bond 12_CS,120MA_CS,1MTR_TS,Currency 12_TS,1MTR_CS,-0.3914881795519014,0.9192732612243505,0.3390786293627552,1.599207042835124,-1.045423250169991
2023-10-01,-0.4355777067585641,0.0,-0.4355776906013489,3.9624578952789307,73,1.9627597033977509,Currency 12_CS,360 Day Vol_CS,RSI14_TS,RSI14_CS,Currency 12_TS,-0.7153263942363784,2.374322400075123,-1.468191177160915,-0.6514306843892009,-1.717262678081449
2023-11-01,1.6477334980828764,0.2,1.6477336883544922,4.314399003982544,79,1.8564127087593079,120MA Signal_CS,1MTR_TS,120MA_CS,Current Account_TS,BEST EPS_CS,1.302935566729095,0.2179351628780649,2.19304635321314,2.518540062047835,2.006210345546248
2023-12-01,-1.8417564603972365,0.0,-1.8417564630508423,1.684420108795166,33,1.5074978172779083,EV to EBITDA_TS,1MTR_TS,3MTR_CS,Currency 12_TS,Best Cash Flow_CS,-1.092584311433503,-2.740663598034845,-1.450831259522043,-3.061851257732542,-0.8628518752632486
2024-01-01,2.5003778766883826,0.2,2.500377893447876,2.6665942668914795,50,1.5101548731327057,BEST EPS_CS,Current Account_TS,360 Day Vol_TS,120MA_TS,120MA Signal_CS,2.673417700921644,2.489934938956331,-1.201154762493877,4.035881134803283,4.503810371254533
2024-02-01,0.5825939861255112,0.0,0.5825940370559692,2.0447211265563965,40,1.562613606452942,Debt to GDP_TS,120MA_TS,120MA_CS,120MA Signal_TS,120MA Signal_CS,-0.01864765020371806,1.345599480141196,-1.189015628523648,1.371870647844497,1.403163081369229
2024-03-01,1.2970664731596075,0.4,1.2970664501190186,2.0180141925811768,39,1.6079669892787933,120MA_CS,120MA Signal_TS,1MTR_TS,120MA_TS,120MA Signal_CS,-0.2124322667025679,2.327906952179354,1.422399959698255,1.737062392283619,1.210395328339377
2024-04-01,-1.1274459422462826,0.0,-1.127445936203003,2.8585002422332764,56,1.676038384437561,Debt to GDP_TS,BEST EPS_TS,120MA_TS,120MA Signal_TS,120MA Signal_CS,1.304458019761922,-1.863590692300002,-2.409894061926962,-1.88614856338984,-0.7820544133765304
2024-05-01,0.31094727848422277,0.2,0.31094732880592346,3.2392659187316895,59,1.7432675063610077,BEST EPS_CS,120MA_CS,3MTR_CS,Best Div Yield_CS,Current Account_TS,0.300521337183985,2.776928219218125,-4.474493234617944,0.7981730055600773,2.15360706507687
2024-06-01,2.350485274429276,0.4,2.350485324859619,3.4681131839752197,66,1.7836201190948486,Inflation_TS,120MA Signal_TS,120MA_CS,120MA Signal_CS,120MA_TS,0.6869271915353288,2.586819070550148,-0.536033502421173,5.740695617331956,3.274017995150122
2024-07-01,-2.1751037768883448,0.0,-2.1751036643981934,3.1740121841430664,62,1.8065825700759888,Debt to GDP_TS,120MA_CS,Budget Def_TS,120MA Signal_CS,Current Account_TS,-3.339405633876153,-1.667474869374639,-0.2336065036182191,-3.224966556173339,-2.410065321399374
2024-08-01,-1.144807483502857,0.0,-1.1448074579238892,2.548792839050293,48,1.7402068674564362,120MA_CS,Budget Def_CS,120MA_TS,120MA Signal_TS,120MA Signal_CS,-3.27028851823365,0.119734240208981,-1.367350754353744,-0.3010735060789461,-0.9050588790569244
2024-09-01,-4.552462326640415,0.0,-4.552462100982666,2.3927838802337646,46,1.5299466848373413,Budget Def_TS,Current Account_TS,120MA_TS,120MA Signal_TS,120MA Signal_CS,-4.839169705744096,-4.013554235794956,-4.899267896642044,-5.044475267568689,-3.965844527452293
2024-10-01,1.2845200237725336,0.6,1.2845200300216675,2.369891881942749,46,1.5267100036144257,360 Day Vol_TS,120MA Signal_TS,Best ROE_TS,120MA_TS,120MA Signal_CS,0.05311498046689095,1.41849041137021,2.366477986697083,1.528203200344334,1.056313539984151
2024-11-01,1.1574732561921832,0.0,1.1574732065200806,1.8511528968811035,37,1.4052466750144958,Trailing EPS 36_TS,Budget Def_TS,Best ROE_TS,120MA_TS,120MA Signal_CS,-0.6615654704379682,2.439792308969192,0.516435981682335,2.627184211539829,0.8655192492075282
2024-12-01,-0.7581264177517595,0.0,-0.7581263780593872,2.6414530277252197,49,1.5060829669237137,Budget Def_CS,Best ROE_TS,120MA Signal_TS,120MA_TS,120MA Signal_CS,-2.082411506368429,0.01215430336678792,1.173956294586487,-1.347768662808634,-1.546562517535009
2025-01-01,-1.2203033327215302,0.0,-1.2203032970428467,2.715590000152588,54,1.5387994647026062,Advance Decline_CS,12-1MTR_TS,120MA_TS,120MA Signal_TS,120MA Signal_CS,-0.658144752079368,-1.759039748934896,-1.214247801017599,0.1688743177914773,-2.638958679367266
2025-02-01,-1.878474765901882,0.0,-1.8784748315811157,3.3565831184387207,65,1.5625507235527039,Advance Decline_CS,Best ROE_TS,120MA_TS,120MA Signal_TS,120MA Signal_CS,-4.144696888130813,0.8259014890874385,-2.134751561074236,-2.000217446369175,-1.938609423022625
2025-03-01,-3.717868473004251,0.0,-3.7178683280944824,2.6968328952789307,50,1.2925233095884323,12-1MTR_TS,120MA_TS,Best ROE_TS,120MA Signal_CS,120MA Signal_TS,-0.2370826300922338,-7.167585676225982,-2.4790443516247,-5.820611322414767,-2.885018384663574
